Rowing,https://www.youtube.com/watch?v=KaXaOcP8w6g,0:27,3
Rowing,https://www.youtube.com/watch?v=YDyZ5-s2jQs,0:46,3
Rowing,https://www.youtube.com/watch?v=upeni83_D5E,0:07,3
Rowing,https://www.youtube.com/watch?v=pjgZZtEZ8Eg,1:15,3
Rowing,https://www.youtube.com/watch?v=xQ2M9r6X5wc,0:58,3
Rowing,https://www.youtube.com/watch?v=GEAjM54ByGM,0:32,3
Rowing,https://www.youtube.com/watch?v=R3lCc--aezU,0:01,3
Rowing,https://www.youtube.com/watch?v=b3wj7oL3HCo,1:35,3
Rowing,https://www.youtube.com/watch?v=TU3rpqYvGMQ,1:45,3
Rowing,https://www.youtube.com/watch?v=P2K3hiFAwkg,1:10,3
Rowing,https://www.youtube.com/watch?v=HWf7SaS5yIo,0:14,3
Rowing,https://www.youtube.com/watch?v=k9e2jqCuX-g,0:46,3
Rowing,https://www.youtube.com/watch?v=NaEk3Gu4JMc,0:38,3
Rowing,https://www.youtube.com/watch?v=BDAbq3KWCgs,8:04,3
Rowing,https://www.youtube.com/watch?v=JoqWkaFjYZ0,0:30,3
Rowing,https://www.youtube.com/watch?v=n2zhJbsDdaQ,0:38,3
Rowing,https://www.youtube.com/watch?v=g5pRcn-Sm1c,1:25,3
Rowing,https://www.youtube.com/watch?v=3WCafWf5XVY,0:09,3
Rowing,https://www.youtube.com/watch?v=xlf5FCw0jcE,0:58,3
Rowing,https://www.youtube.com/watch?v=IHcnP0e0hf0,0:00,3
Polo,https://www.youtube.com/watch?v=FVnuOdnMtdk,0:47,3
Polo,https://www.youtube.com/watch?v=kD-tI4qF6Ck,2:14,3
Polo,https://www.youtube.com/watch?v=n3Jcleurips ,0:18,3
Polo,https://www.youtube.com/watch?v=TX0tMSAhnHg,0:16,3
Polo,https://www.youtube.com/watch?v=pEEf1dE8WZw,1:05,3
Polo,https://www.youtube.com/watch?v=y5ot4vlVvKk,0:55,3
Polo,https://www.youtube.com/watch?v=2mrWzdy9OCM ,0:43,3
Polo,https://www.youtube.com/watch?v=-e2jy7fuwzE,1:53,3
Polo,https://www.youtube.com/watch?v=WvBlkkqipH8,0:12,3
Polo,https://www.youtube.com/watch?v=n9lskO4Vmjw,0:23,3
Polo,https://www.youtube.com/watch?v=23a3kdM2mZk,0:39,3
Polo,https://www.youtube.com/watch?v=hg7arPDYzVo,2:35,3
Polo,https://www.youtube.com/watch?v=2wiBv4VBGyg,1:38,3
Polo,https://www.youtube.com/watch?v=fdh0U3cODC0,2:56,3
Polo,https://www.youtube.com/watch?v=1VkpOc1Y5b8,0:13,3
Polo,https://www.youtube.com/watch?v=2Gfo1elEfJU,2:31,3
Polo,https://www.youtube.com/watch?v=Bh1mAfQ-TQU,0:03,3
Polo,https://www.youtube.com/watch?v=6O8mBHWWFQY,0:54,3
Polo,https://www.youtube.com/watch?v=9YzkCjtFUMY,1:12,3
Polo,https://www.youtube.com/watch?v=RKCjx0IpMb0,0:36,3
Snowboarding,https://www.youtube.com/watch?v=AddbUsFl30M,0:28,3
Snowboarding,https://www.youtube.com/watch?v=YCZdhWplN9k,0:29,3
Snowboarding,https://www.youtube.com/watch?v=qYORW2kEJ1c,0:21,3
Snowboarding,https://www.youtube.com/watch?v=2yQJbzFF4TA,0:03,3
Snowboarding,"https://www.youtube.com/watch?v=7pFFKnAefaI 183,20",0:47,3
Snowboarding,https://www.youtube.com/watch?v=pAdk-7DNZQQ ,0:17,3
Snowboarding,https://www.youtube.com/watch?v=FYOzs-ReL8o,0:37,3
Snowboarding,https://www.youtube.com/watch?v=HPPrRfY5K2g,1:29,3
Snowboarding,https://www.youtube.com/watch?v=LDnykqTAEFQ ,1:28,3
Snowboarding,https://www.youtube.com/watch?v=yl7hMlsSWgg,0:36,3
Snowboarding,https://www.youtube.com/watch?v=BeZGpDFXccw,1:23,3
Snowboarding,https://www.youtube.com/watch?v=w3bKwC7LN6A,1:53,3
Snowboarding,https://www.youtube.com/watch?v=JRZka_TymQ8,0:25,3
Snowboarding,https://www.youtube.com/watch?v=X3EoGdUQoI4,2:17,3
Snowboarding,https://www.youtube.com/watch?v=gh_ILQL_ias,0:16,3
Snowboarding,https://www.youtube.com/watch?v=IdUUwJBbStE,2:13,3
Snowboarding,https://www.youtube.com/watch?v=nyEb1QLn83U,1:23,3
Snowboarding,https://www.youtube.com/watch?v=INbqJ1FnbG4,2:15,3
Snowboarding,https://www.youtube.com/watch?v=Qn9qjL3mcKM,1:28,3
Snowboarding,https://www.youtube.com/watch?v=5FbEukNF91g,3:17,3
Sailing,https://www.youtube.com/watch?v=TekaKcE5cOE,4:03,3
Sailing,https://www.youtube.com/watch?v=te1xkBZprn0,1:21,3
Sailing,https://www.youtube.com/watch?v=7mo_YFSZSlA,1:48,3
Sailing,https://www.youtube.com/watch?v=seESO0mLAMM,1:14,3
Sailing,https://www.youtube.com/watch?v=sfPXrqRts3c,1:09,2
Sailing,https://www.youtube.com/watch?v=ux2sGLZ1AmY,0:41,3
Sailing,https://www.youtube.com/watch?v=nesIJdq2GY0,3:31,3
Sailing,https://www.youtube.com/watch?v=xgsMX01Rxco,1:27,3
Sailing,https://www.youtube.com/watch?v=gYQynai0WT4,3:30,3
Sailing,https://www.youtube.com/watch?v=SCIC5rg2nuE,1:16,3
Sailing,https://www.youtube.com/watch?v=mQXuDjbFIXU,5:20,3
Sailing,https://www.youtube.com/watch?v=sDrSNsf2ySg,5:19,3
Sailing,https://www.youtube.com/watch?v=-EUrlyWhcL4,0:13,3
Sailing,https://www.youtube.com/watch?v=FKUmljbcy_g,0:36,2
Sailing,https://www.youtube.com/watch?v=jMac4he1tUw,3:39,3
Sailing,https://www.youtube.com/watch?v=uxlmAOg2MYw,0:13,3
Sailing,https://www.youtube.com/watch?v=Hmx2TRtm6Qs,6:28,3
Sailing,https://www.youtube.com/watch?v=N1CrSDgnp98,1:32,3
Sailing,https://www.youtube.com/watch?v=Z2LOYon6BLA,1:06,3
Sailing,https://www.youtube.com/watch?v=RCva8DqlJic,0:29,3
Badminton,https://www.youtube.com/watch?v=xijaVHH0NNM,0:22,3
Badminton,https://www.youtube.com/watch?v=sGM8dFd2Dtk,1:30,3
Badminton,https://www.youtube.com/watch?v=5W6aznVoEyc,1:08,3
Badminton,https://www.youtube.com/watch?v=IVl9PjgggQI,0:11,3
Badminton,https://www.youtube.com/watch?v=fh7Hn-9RiYE,0:42,2
Badminton,https://www.youtube.com/watch?v=1dTdrAConbQ,0:36,3
Badminton,https://www.youtube.com/watch?v=NPJO-j76rx8,0:25,3
Badminton,https://www.youtube.com/watch?v=R-WpEzWscl0,0:08,3
Badminton,https://www.youtube.com/watch?v=mDssLZsvGiU,0:34,3
Badminton,https://www.youtube.com/watch?v=PeVIvVMbLkk,2:13,3
Badminton,https://www.youtube.com/watch?v=aXgqUDCoIJI,0:55,3
Badminton,https://www.youtube.com/watch?v=qtA_tkQMzUI,0:54,3
Badminton,https://www.youtube.com/watch?v=T6KK_cj4mrc,0:20,3
Badminton,https://www.youtube.com/watch?v=mHhEuMIyxzQ,1:45,2
Badminton,https://www.youtube.com/watch?v=5EG-v2xvNuA,3:31,3
Badminton,https://www.youtube.com/watch?v=-dVs3m373WE,4:30,3
Badminton,https://www.youtube.com/watch?v=epyCIE7U4WE,1:38,3
Badminton,https://www.youtube.com/watch?v=a4aNohp0X0w,0:24,3
Badminton,https://www.youtube.com/watch?v=4aMErjmwBJc,0:06,3
Badminton,https://www.youtube.com/watch?v=-e6qmPxxOqs,9:51,3
Bocce,https://www.youtube.com/watch?v=ft1hV6lg67s,0:03,3
Bocce,https://www.youtube.com/watch?v=qNVUPV0NfZI,1:26,3
Bocce,https://www.youtube.com/watch?v=Mlc45EQJESo,0:00,3
Bocce,https://www.youtube.com/watch?v=hdpS_mWhnwk,0:29,3
Bocce,https://www.youtube.com/watch?v=LuMsNVaWEBs,0:40,3
Bocce,https://www.youtube.com/watch?v=CqZgzZ6sqQY,1:43,3
Bocce,https://www.youtube.com/watch?v=4Cm8v5bhqAk,0:13,3
Bocce,https://www.youtube.com/watch?v=bzDN1s-p6Is,0:05,3
Bocce,https://www.youtube.com/watch?v=a6ZMqWlvoKI,0:19,3
Bocce,https://www.youtube.com/watch?v=P0BoB315Rpo,0:08,3
Bocce,https://www.youtube.com/watch?v=j6V8PqU1AmM,0:07,3
Bocce,https://www.youtube.com/watch?v=JsJKovkPV7Q,0:18,3
Bocce,https://www.youtube.com/watch?v=P53ofQdLtXQ,0:02,3
Bocce,https://www.youtube.com/watch?v=TEiHGK92oKQ,0:28,3
Bocce,https://www.youtube.com/watch?v=cGrQuhi2MRk,0:07,3
Bocce,https://www.youtube.com/watch?v=u9cCdHSgROc,0:03,3
Bocce,https://www.youtube.com/watch?v=Ge4qYjRJY5I,0:53,3
Bocce,https://www.youtube.com/watch?v=nvTRCdOG00E,0:27,3
Bocce,https://www.youtube.com/watch?v=n7QLasj0ixY,0:25,3
Bocce,https://www.youtube.com/watch?v=-VcKkqgR7uE,0:14,3
Croquet,https://www.youtube.com/watch?v=9YmZN51mcws,0:06,3
Croquet,https://www.youtube.com/watch?v=TqCZfuTUfyY,0:16,3
Croquet,https://www.youtube.com/watch?v=gB3CsGYuSbg,0:28,3
Croquet,https://www.youtube.com/watch?v=DZa1VQFXAIs,0:03,3
Croquet,https://www.youtube.com/watch?v=bqu_7O9HObc,1:07,3
Croquet,https://www.youtube.com/watch?v=pNyKR05-uxA,0:42,3
Croquet,https://www.youtube.com/watch?v=kr0niS-QGfg,0:58,3
Croquet,https://www.youtube.com/watch?v=v5IWiWNMmyY,0:05,3
Croquet,https://www.youtube.com/watch?v=ALYcUXOkxuc,0:02,3
Croquet,https://www.youtube.com/watch?v=4WLbIzY7n3w,0:25,3
Croquet,https://www.youtube.com/watch?v=_EUjaTGarzY,0:01,3
Croquet,https://www.youtube.com/watch?v=Ao-B6yy-aB8,0:17,3
Croquet,https://www.youtube.com/watch?v=ZBeDPstn-ck,6:09,3
Croquet,https://www.youtube.com/watch?v=gvsyIqBGPc8,0:37,3
Croquet,https://www.youtube.com/watch?v=qlbSSHvMVrQ,0:08,3
Croquet,https://www.youtube.com/watch?v=EZ_sA8F-cnk,0:44,3
Croquet,https://www.youtube.com/watch?v=qh7EoT2yF2w,0:32,3
Croquet,https://www.youtube.com/watch?v=WQVLjVnDdqM,0:35,3
Croquet,https://www.youtube.com/watch?v=kSWfFk5FTDU,2:21,3
Croquet,https://www.youtube.com/watch?v=sLnMbM8wKx8,3:12,3
RockClimbing,https://www.youtube.com/watch?v=pgBUWlkV8EA,0:03,3
RockClimbing,https://www.youtube.com/watch?v=E1cDl7ISNOM,1:52,3
RockClimbing,https://www.youtube.com/watch?v=oIsYafh04QE,0:01,3
RockClimbing,https://www.youtube.com/watch?v=TtQDyNXaXho,0:25,3
RockClimbing,https://www.youtube.com/watch?v=qWnmfCif-2c,0:42,3
RockClimbing,https://www.youtube.com/watch?v=q-dVaNpA3yI,3:38,3
RockClimbing,https://www.youtube.com/watch?v=1SF-uV8_zHA,0:31,3
RockClimbing,https://www.youtube.com/watch?v=KATADtZioQI,0:03,3
RockClimbing,https://www.youtube.com/watch?v=XKO6GS18QCg,7:02,3
RockClimbing,https://www.youtube.com/watch?v=G_Z65Hs5JFg,2:04,3
RockClimbing,https://www.youtube.com/watch?v=dluApCYsG74,0:12,3
RockClimbing,https://www.youtube.com/watch?v=rkseux0w5F8,1:55,3
RockClimbing,https://www.youtube.com/watch?v=-kiUdKVrmN4,2:08,3
RockClimbing,https://www.youtube.com/watch?v=h8BOKP3T7N4,0:06,3
RockClimbing,https://www.youtube.com/watch?v=3WwkFnShzXc,5:07,3
RockClimbing,https://www.youtube.com/watch?v=3al8dAU9TKs,0:09,3
RockClimbing,https://www.youtube.com/watch?v=6hk_9TEowEo,1:19,3
RockClimbing,https://www.youtube.com/watch?v=Ye3vn3DMjuQ,0:37,3
RockClimbing,https://www.youtube.com/watch?v=RogpPXu1iAc,0:08,3
RockClimbing,https://www.youtube.com/watch?v=3LDHA5AbIGY,0:10,3
