Rowing,https://www.youtube.com/watch?v=Z1T6ZhVnsHA,0:25,3
Rowing,https://www.youtube.com/watch?v=22Z7_JlYB1A,0:06,3
Rowing,https://www.youtube.com/watch?v=IpM7Q9yGHX0,0:10,3
Rowing,https://www.youtube.com/watch?v=Jwud0kb4ZBM,0:27,3
Rowing,https://www.youtube.com/watch?v=HQVNt_dFil0,0:19,3
Rowing,https://www.youtube.com/watch?v=H3FMj5qW0oU,7:18,3
Rowing,https://www.youtube.com/watch?v=CJxFRqA-i_Q,0:36,3
Rowing,https://www.youtube.com/watch?v=dWki8i7mcHc,1:14,3
Rowing,https://www.youtube.com/watch?v=MQDSd4tUgEE,0:23,3
Rowing,https://www.youtube.com/watch?v=oLodcwhXpuc,0:00,3
Polo,https://www.youtube.com/watch?v=w1a1IMk9xOw,1:28,3
Polo,https://www.youtube.com/watch?v=H22Grsed0js,0:35,3
Polo,https://www.youtube.com/watch?v=OngVr-r6Q8I,1:39,3
Polo,https://www.youtube.com/watch?v=oU9sg_Gg01U,0:50,3
Polo,https://www.youtube.com/watch?v=LLiDIYfd8N4,0:57,3
Polo,https://www.youtube.com/watch?v=Y5p3IJ2Y69o,0:53,3
Polo,https://www.youtube.com/watch?v=f7xZIx9hL4M,12:42,3
Polo,https://www.youtube.com/watch?v=VI3EDfzliCI,1:34,3
Polo,https://www.youtube.com/watch?v=sH87VxFXQBI,0:38,3
Polo,https://www.youtube.com/watch?v=zJfvyIDovI4,2:11,3
Snowboarding ,https://www.youtube.com/watch?v=ym7pC7qahiQ,1:50,3
Snowboarding ,https://www.youtube.com/watch?v=zluFboW2T7U,1:44,3
Snowboarding ,https://www.youtube.com/watch?v=GQVuWpqppAA,3:03,3
Snowboarding ,https://www.youtube.com/watch?v=TdetFsMxQ3Y,1:40,3
Snowboarding ,https://www.youtube.com/watch?v=ZIeGHxj6x50,1:24,3
Snowboarding ,https://www.youtube.com/watch?v=ijmW4ouvwWQ,2:42,3
Snowboarding ,https://www.youtube.com/watch?v=qprDDvOt04E,0:31,3
Snowboarding ,https://www.youtube.com/watch?v=woqin_7tI8Q,0:01,3
Snowboarding ,https://www.youtube.com/watch?v=lMAoc2PiUDw,2:36,3
Snowboarding ,https://www.youtube.com/watch?v=zs6EZuyy7nI,0:14,3
Sailing,https://www.youtube.com/watch?v=TwZzQwHAWro,0:36,3
Sailing,https://www.youtube.com/watch?v=5idEd5n1LCg,2:16,3
Sailing,https://www.youtube.com/watch?v=dB-Ujx_WAD4,3:04,3
Sailing,https://www.youtube.com/watch?v=eOyh7dUMHjU ,1:53,3
Sailing,https://www.youtube.com/watch?v=p8Brz01bcvg,1:37,3
Sailing,https://www.youtube.com/watch?v=rOiMdVtKgzs,0:58,3
Sailing,https://www.youtube.com/watch?v=3bTAqHRHZ-g,3:21,3
Sailing,https://www.youtube.com/watch?v=ShdH6tGYE-Q,1:50,3
Sailing,https://www.youtube.com/watch?v=oDrjTteuT5A,0:39,3
Sailing,https://www.youtube.com/watch?v=rUSkCdCnQCg,1:03,3
Badminton ,https://www.youtube.com/watch?v=_LJ8TvhbGSE,7:13,3
Badminton ,https://www.youtube.com/watch?v=DjqyscR4FOY,4:05,3
Badminton ,https://www.youtube.com/watch?v=UfHRwI6wjBw,5:37,3
Badminton ,https://www.youtube.com/watch?v=V9_UyUyTFjw,0:20,3
Badminton ,https://www.youtube.com/watch?v=dqmEPc7TBUw,4:59,3
Badminton ,https://www.youtube.com/watch?v=jTemyxLmlzM,0:15,3
Badminton ,https://www.youtube.com/watch?v=rEOoY8BAmNM,0:16,3
Badminton ,https://www.youtube.com/watch?v=H-sb-5Zx-h8,0:33,3
Badminton ,https://www.youtube.com/watch?v=Xyaae6ugPaU,0:16,3
Badminton ,https://www.youtube.com/watch?v=_5QkmjT7v9k,0:49,3
Bocce ,https://www.youtube.com/watch?v=CqZgzZ6sqQY,0:28,3
Bocce ,https://www.youtube.com/watch?v=CBT2MGU7wTw,0:03,3
Bocce ,https://www.youtube.com/watch?v=4Cm8v5bhqAk,0:13,3
Bocce ,https://www.youtube.com/watch?v=bzDN1s-p6Is ,0:05,3
Bocce ,https://www.youtube.com/watch?v=MkeEqzkEUKc,0:44,3
Bocce ,https://www.youtube.com/watch?v=gxuiw0Gy9cU,0:10,3
Bocce ,https://www.youtube.com/watch?v=a6ZMqWlvoKI,0:19,3
Bocce ,https://www.youtube.com/watch?v=C1blosMLC3k ,3:31,3
Bocce ,https://www.youtube.com/watch?v=P0BoB315Rpo,0:08,3
Bocce ,https://www.youtube.com/watch?v=JsJKovkPV7Q,0:18,3
Croquet ,https://www.youtube.com/watch?v=-5w3UQiQ3lY,0:07,3
Croquet ,https://www.youtube.com/watch?v=avxSMcGBdG8,0:04,3
Croquet ,https://www.youtube.com/watch?v=hphQzFNPx8w,0:32,3
Croquet ,https://www.youtube.com/watch?v=ziexIGFp3bA,1:51,3
Croquet ,https://www.youtube.com/watch?v=CzPJfSQfQok ,0:03,3
Croquet ,https://www.youtube.com/watch?v=y4wdznCGfSA,0:03,3
Croquet ,https://www.youtube.com/watch?v=zj5z2yVPBOY,0:06,3
Croquet ,https://www.youtube.com/watch?v=JyKrOaIRy5s,1:28,3
Croquet ,https://www.youtube.com/watch?v=Mwna-uzvAA8,0:47,3
Croquet ,https://www.youtube.com/watch?v=b-LZnHzrWHo,0:43,3
Rock climbing ,https://www.youtube.com/watch?v=-ZyMT_O-UKE,1:10,3
Rock climbing ,https://www.youtube.com/watch?v=TVtBut0hjFc,1:02,3
Rock climbing ,https://www.youtube.com/watch?v=W9ECyRnowL8,1:09,3
Rock climbing ,https://www.youtube.com/watch?v=Xy1cXGKYxU0 ,0:26,3
Rock climbing ,https://www.youtube.com/watch?v=p58WzUyll6U,0:26,3
Rock climbing ,https://www.youtube.com/watch?v=-Ib5zgYH3a4,1:38,3
Rock climbing ,https://www.youtube.com/watch?v=1akSa8n5U84 ,0:12,3
Rock climbing ,https://www.youtube.com/watch?v=-ahxvtq4SZs,0:16,3
Rock climbing ,https://www.youtube.com/watch?v=DheyECu-A88,0:41,3
Rock climbing ,https://www.youtube.com/watch?v=WkeouE_wWkg,2:55,3
